Index,Cyclic sequence,pLDDT,Molecular weight,Isoelectric point,Aromaticity,Instability index,Hydrophobicity,Hydrophilicity
1,NNNLPFGV,77.32875,873.952,5.525000190734862,0.125,56.900000000000006,-0.21250000000000013,-0.65
2,NNNPLVIP,77.30499999999999,879.9997000000001,5.525000190734862,0.0,1.5500000000000003,-0.15000000000000008,-0.5625
3,NNNGTCGC,72.903,781.8154,5.5114156723022445,0.0,-20.65,-0.875,-0.22499999999999998
4,NNNCTTCG,73.33600000000001,825.8679999999999,5.5114156723022445,0.0,45.9,-0.9124999999999999,-0.275
5,NNNVRDQT,73.2995,959.9603000000002,5.83636417388916,0.0,8.75,-2.3125,0.6124999999999999
6,NNNGTCTC,69.8555,825.8679999999999,5.5114156723022445,0.0,20.1,-0.9124999999999999,-0.275
7,NNNKLPAL,75.78275,883.0037,8.750052070617677,0.0,75.88750000000002,-0.8250000000000001,-0.0625
8,NNNDPGFP,83.34975,873.866,4.0500284194946286,0.125,32.825,-1.8499999999999999,0.1375
9,NNNQWTGP,75.09174999999999,929.9326000000001,5.525000190734862,0.125,-30.075000000000003,-2.2,-0.37499999999999994
10,NNNGAPEG,77.08725000000001,771.7328,4.0500284194946286,0.0,25.150000000000002,-1.825,0.3875
11,NNNREAPD,77.64975000000001,928.9033,4.669573402404786,0.0,23.400000000000002,-2.725,1.1375
12,NNNPFAGL,80.29775,845.8988999999999,5.525000190734862,0.125,29.225,-0.5125000000000002,-0.525
13,NNNVGLLP,78.25825,839.9358,5.525000190734862,0.0,22.212500000000006,-0.08750000000000008,-0.5625
14,NNNLPFAP,81.09175,885.9628,5.525000190734862,0.125,80.975,-0.6625000000000001,-0.525
15,NNNFAATC,70.393,853.8995,5.518122673034666,0.125,-10.0375,-0.2875000000000001,-0.5375
16,NNNFPPQA,74.215,900.9343999999999,5.525000190734862,0.125,62.1875,-1.575,-0.275
17,NNNDPPWW,66.686,1042.0607,4.0500284194946286,0.25,29.225,-2.3749999999999996,-0.39999999999999997
18,NNNWLTIG,72.95174999999999,931.0034,5.525000190734862,0.125,11.2125,-0.5250000000000001,-0.85
19,NNNIFPPA,71.56949999999999,885.9628,5.525000190734862,0.125,135.9,-0.5750000000000001,-0.525
20,NNNPFLYT,75.7445,982.0468000000001,5.524318122863768,0.25,18.612500000000004,-0.9375000000000001,-0.8
